patient_id,age_years,sex,hemoglobin,RBC,hematocrit,MCV,MCH,MCHC,RDW,platelets,WBC,reticulocytes,ferritin,serum_iron,transferrin,TIBC,UIBC,TSAT,sTfR,Ret_He,vitamin_B12,active_B12,MMA,homocysteine,folate,vitamin_B6,copper,ceruloplasmin,CRP,ESR,creatinine,eGFR,TSH,albumin,LDH,indirect_bilirubin,haptoglobin,comment
ER-0001,48,M,149.6,5.08,42.7,84.0,29.5,350.5,12.5,225,8.16,1.0,303.6,18.1,2.5,63.1,45.0,28.7,1.91,,694,,,,,35.0,,0.24,,,,,6.39,,,,1.18,столбец comment не распознаётся и будет проигнорирован
ER-0002,88,M,100.6,4.04,30.9,76.5,24.9,325.5,17.3,236,7.63,,,,,,,,,34.3,365,,0.617,8.7,,,,,,8,176,35,,,230,3.4,1.22,
ER-0003,73,F,89.7,2.83,26.9,95.3,31.7,332.7,16.3,256,3.86,1.3,,,,,,,,,,,0.158,,,,5.7,0.09,,3,67,99,,40.2,191,,,
ER-0004,41,F,122.1,3.34,36.4,108.8,36.6,336.0,18.1,163,3.37,1.7,63.9,,,,,,,,140,,,,,69.9,,,,10,58,119,0.84,41.7,,,,
ER-0005,44,F,86.9,2.16,25.1,116.0,40.2,346.2,18.2,282,3.34,,34.1,21.7,2.32,55.9,34.2,38.9,,,111,,0.527,40.2,7.6,,,0.33,,9,,,2.94,38.9,,23.2,0.86,
ER-0006,58,M,140.1,5.09,43.3,85.0,27.5,323.7,12.7,406,5.95,1.2,,,,,,,,30.3,749,78.2,,,6.5,16.8,17.9,,,,,,1.0,39.2,,,,
ER-0007,66,F,107.5,4.21,32.9,78.0,25.5,327.3,13.0,328,9.31,,179.6,4.8,1.94,43.3,38.5,11.1,1.73,28.4,,,,,13.3,56.3,,,16.6,22,69,106,,,238,,1.59,
ER-0008,60,F,132.5,4.24,39.1,92.1,31.2,339.1,16.6,302,7.47,2.2,33.1,11.6,2.9,79.7,68.1,14.5,,24.7,302,63.1,,,10.0,,,,,25,74,97,,42.5,,,1.61,
ER-0009,60,F,,4.47,34.9,78.2,24.0,307.3,18.0,220,7.57,,30.5,,,,,,,,,,,10.2,,,,,1.2,2,,,2.06,37.6,281,,1.91,
ER-0010,84,F,11.2,4.25,32.1,75.6,22.6,298.5,20.5,305,6.33,0.4,12.1,,,,,,,,,,,,4.2,,,,0.7,,87,83,,39.9,,,1.11,
ER-0011,16,F,87.2,4.77,29.7,62.3,18.3,293.5,17.9,390,6.81,,11.4,8.3,3.17,79.8,71.4,10.5,3.64,,261,,,13.9,,,,,,,,,1.7,43.8,,5.4,1.34,
ER-0012,73,X,100.3,4.36,36.1,82.9,23.0,277.6,20.1,361,4.07,0.9,10.0,,,,,,,,418,,,,,47.8,,,2.3,12,47,126,1.55,,,4.4,,
ER-0013,28,F,97.6,3.62,31.7,87.4,27.0,308.5,15.0,247,5.29,,,9.0,3.38,71.7,62.7,12.5,,,303,49.6,,,,,,,"<0,5",4,54,122,,,,11.5,,
ER-0014,69,F,74.8,3.07,26.4,86.3,24.4,283.0,22.0,172,4.93,1.2,высокий,5.5,3.56,70.5,65.0,7.7,,,,,0.113,11.3,13.4,,,,,11,,,2.74,37.1,,11.6,1.32,
ER-0001,36,F,78.7,2.99,24.5,81.9,26.3,321.2,20.2,188,5.29,1.0,15.6,8.8,3.14,72.7,63.9,12.0,,,220,69.9,0.103,9.7,,59.5,,,0.6,8,,,1.99,40.0,166,14.2,,
