patient_id,age_years,sex,hemoglobin (g/dL),RBC,hematocrit,MCV,MCH,MCHC,RDW,platelets,WBC,reticulocytes,ferritin (ng/mL),serum_iron,transferrin,TIBC,UIBC,TSAT,sTfR,Ret_He,vitamin_B12 (pmol/L),active_B12,MMA,homocysteine,folate (nmol/L),vitamin_B6,copper,ceruloplasmin,CRP (mg/dL),ESR,creatinine (mg/dL),eGFR,TSH,albumin,LDH,indirect_bilirubin,haptoglobin
UN-0001,82,F,8.74,3.54,28.0,79.2,24.7,311.7,17.9,209,6.89,1.9,42.9,12.9,2.01,60.5,47.5,21.4,,,,,,,10.65,5.5,,,0.11,15,0.95,78,8.16,,317,,2.01
UN-0002,45,F,9.12,2.89,26.6,92.0,31.6,343.1,15.0,342,7.12,,157.8,22.3,2.08,65.5,43.2,34.1,1.48,27.8,,,,,10.197,,,,0.27,8,0.701,107,1.23,,172,12.3,2.01
UN-0003,37,F,13.28,4.2,40.2,95.7,31.6,330.6,14.1,259,3.29,1.2,109.8,16.0,2.94,64.5,48.4,24.9,,30.9,,,0.177,,5.438,,,,0.08,8,,,1.22,44.2,,,1.03
UN-0004,34,F,13.51,4.8,42.1,87.7,28.2,321.1,12.6,214,4.75,2.2,200.2,13.5,3.09,53.9,40.4,25.1,,,245.756,,0.207,8.2,,,,0.34,0.2,,0.565,128,2.32,,,12.9,
UN-0005,59,M,10.09,3.39,31.5,92.8,29.8,320.7,23.9,308,4.24,,,6.5,3.68,89.0,82.5,7.3,4.82,,123.985,,,,,,,,0.1,10,0.86,93,,36.5,223,7.2,0.79
UN-0006,43,F,11.56,4.13,32.9,79.7,28.0,351.3,15.5,162,6.59,,33.5,13.9,2.49,81.8,68.0,17.0,3.29,25.5,,,0.171,,10.65,,,,,2,0.701,119,1.72,45.0,156,,
UN-0007,80,M,8.87,2.7,27.7,102.7,32.9,320.3,13.7,257,5.86,1.0,53.0,28.6,2.22,74.3,45.7,38.5,,,,,,,,22.3,,,,2,,,1.56,45.4,383,22.1,0.65
UN-0008,58,F,14.8,4.37,44.0,100.7,33.9,336.8,15.3,318,5.11,,,23.1,2.64,63.4,40.3,36.5,1.49,,66.421,28.2,1.058,28.8,,,,0.25,0.13,15,,,,,,6.3,1.29
UN-0009,36,M,15.76,5.34,48.0,89.9,29.5,328.2,15.6,384,6.04,,30.8,12.4,3.08,87.6,75.2,14.2,,,540.959,124.0,,,,82.2,,,0.27,,,,1.3,43.3,,,
UN-0010,80,F,8.86,2.67,26.8,100.6,33.2,330.2,14.1,110,4.8,,,,,,,,,,157.934,70.9,,,,,,0.15,,28,1.063,66,2.71,,242,7.7,
