patient_id,age_years,sex,hemoglobin,RBC,hematocrit,MCV,MCH,MCHC,RDW,platelets,WBC,reticulocytes,ferritin,serum_iron,transferrin,TIBC,UIBC,TSAT,sTfR,Ret_He,vitamin_B12,active_B12,MMA,homocysteine,folate,vitamin_B6,copper,ceruloplasmin,CRP,ESR,creatinine,eGFR,TSH,albumin,LDH,indirect_bilirubin,haptoglobin
CASE-001,81,F,111.1,4.45,35.6,79.3,25.0,314.9,21.3,380,9.6,1.2,7.2,11.649999999999999,2.79,69.7,53.150000000000006,17.25,4.05,25.8,410.0,64.9,0.232,17.4,1.3,48.85,15.1,0.25,2.0,10.0,77.0,95.0,1.82,42.0,237.0,9.9,0.9
CASE-002,74,M,99.4,3.4,30.9,90.1,29.2,321.8,16.3,364,4.85,0.9,36.4,12.4,2.75,80.4,68.0,15.4,4.1,29.6,234.0,32.3,0.37,27.9,5.7,48.85,15.1,0.25,2.0,10.0,108.0,63.0,1.82,41.0,347.0,9.9,0.93
CASE-003,65,F,104.2,2.91,31.1,107.5,35.8,331.2,16.9,204,7.05,1.2,24.0,11.649999999999999,2.79,69.7,53.150000000000006,17.25,1.53,29.6,505.0,64.9,0.232,17.4,2.7,48.85,15.1,0.25,12.2,23.0,96.0,79.0,2.06,42.0,237.0,9.1,1.1949999999999998
CASE-004,45,F,97.7,3.09,30.6,100.2,31.6,322.9,15.5,264,8.93,1.3,221.2,28.7,2.14,74.0,45.3,38.8,1.55,29.4,379.0,109.7,0.232,17.4,1.5,48.85,15.1,0.25,2.0,12.0,86.0,96.0,1.82,45.6,237.0,9.9,1.1949999999999998
CASE-005,74,F,112.3,4.2,38.8,91.9,26.7,285.0,14.0,408,5.44,1.2,33.9,11.649999999999999,2.79,69.7,53.150000000000006,17.25,2.83,29.6,307.0,64.9,0.232,17.4,5.7,48.85,20.6,0.25,2.0,10.0,77.0,95.0,2.07,45.5,237.0,9.9,1.1949999999999998
CASE-006,83,F,70.6,3.28,21.7,65.8,21.5,328.8,18.4,319,8.88,0.9,4.6,11.649999999999999,2.79,69.7,53.150000000000006,17.25,1.9249999999999998,29.6,245.0,81.7,0.2,8.7,5.7,48.85,15.1,0.42,1.7,10.0,92.0,79.0,1.8,42.0,237.0,8.3,1.1949999999999998
CASE-007,60,M,104.2,3.56,31.1,87.2,29.3,331.2,14.8,279,6.42,1.2,93.2,11.649999999999999,2.79,69.7,53.150000000000006,17.25,1.9249999999999998,30.9,486.0,64.9,0.232,9.5,12.4,48.85,15.1,0.25,2.0,10.0,88.0,81.0,1.82,43.9,294.0,9.9,1.1949999999999998
CASE-008,71,F,93.4,3.12,28.3,90.7,30.0,330.2,14.4,196,9.37,1.2,41.3,21.9,2.69,61.8,39.9,35.4,1.9249999999999998,29.6,307.0,64.9,0.232,17.4,15.0,48.85,15.1,0.25,2.0,16.0,113.0,50.0,1.73,46.7,237.0,9.9,1.44
CASE-009,59,F,137.9,4.96,41.3,83.5,27.8,332.9,13.1,152,5.27,1.2,171.9,13.9,2.8,68.2,54.3,20.4,1.9249999999999998,29.6,307.0,64.9,0.232,12.2,5.7,48.85,15.1,0.25,2.0,10.0,77.0,95.0,1.82,42.0,237.0,2.3,1.1949999999999998
CASE-010,92,M,143.5,4.23,40.5,95.4,33.9,353.0,14.0,377,3.37,1.2,104.3,11.649999999999999,2.79,69.7,53.150000000000006,17.25,1.9249999999999998,29.6,232.0,64.9,0.149,14.3,5.7,48.85,13.5,0.23,1.4,16.0,77.0,95.0,1.82,42.0,237.0,9.9,1.67
CASE-011,68,F,136.2,4.47,43.0,96.1,30.5,318.8,12.6,186,5.96,1.2,107.6,11.649999999999999,2.79,69.7,53.150000000000006,17.25,1.17,29.6,307.0,64.9,0.232,18.5,5.7,48.85,15.1,0.25,2.0,2.0,77.0,95.0,1.82,42.0,237.0,9.9,1.1949999999999998
CASE-012,73,F,129.2,4.18,40.9,98.2,30.9,317.1,15.1,261,6.04,1.2,34.2,11.649999999999999,2.79,69.7,53.150000000000006,17.25,1.9249999999999998,29.6,307.0,64.9,0.232,17.4,1.7,44.8,15.1,0.25,2.0,10.0,77.0,95.0,1.82,42.0,215.0,9.9,1.1949999999999998
CASE-013,47,F,107.4,4.24,33.9,80.3,25.3,315.8,14.1,303,6.47,1.1,158.3,9.9,2.2,54.8,44.9,18.1,1.9249999999999998,29.6,307.0,64.9,0.232,17.4,5.7,48.85,15.1,0.25,111.9,10.0,76.0,106.0,1.82,39.2,226.0,5.1,1.62
CASE-014,85,M,99.7,4.13,32.6,79.4,24.2,306.3,12.2,235,9.79,1.2,230.0,11.7,2.24,60.5,48.8,19.3,1.9249999999999998,29.6,265.0,116.3,0.163,8.8,9.8,48.85,15.1,0.25,43.0,52.0,77.0,95.0,1.82,37.8,237.0,12.6,1.1949999999999998
CASE-015,58,F,102.7,4.12,33.2,81.9,25.0,311.4,13.1,331,5.22,1.2,41.3,20.7,3.3,79.7,59.0,26.0,1.66,29.6,307.0,64.9,0.232,17.4,7.7,23.8,15.1,0.45,2.0,6.0,65.0,102.0,1.82,42.0,237.0,7.8,1.1949999999999998
CASE-016,66,F,131.3,5.14,42.9,83.5,25.5,309.9,15.9,370,6.82,1.2,41.3,20.6,2.48,68.1,47.5,30.2,1.11,32.7,307.0,64.9,0.232,8.4,12.4,21.2,15.1,0.25,1.6,10.0,65.0,100.0,7.17,42.8,237.0,9.9,1.1949999999999998
CASE-017,42,F,109.0,3.52,34.4,97.4,31.0,320.0,13.3,394,4.86,1.2,41.3,11.649999999999999,2.79,69.7,53.150000000000006,17.25,1.9249999999999998,29.6,307.0,67.4,0.181,10.0,5.7,48.85,7.8,0.15,2.0,4.0,81.0,102.0,1.11,46.3,237.0,9.9,1.66
CASE-018,85,F,97.3,3.37,33.1,96.6,28.9,294.3,12.5,338,2.04,1.2,91.5,11.649999999999999,2.79,69.7,53.150000000000006,17.25,1.9249999999999998,29.4,525.0,64.9,0.232,17.4,5.7,28.5,9.2,0.25,5.1,9.0,73.0,89.0,2.99,49.2,237.0,9.9,1.1949999999999998
CASE-019,78,M,163.1,6.61,53.6,82.0,24.7,308.5,15.1,368,5.77,1.2,11.0,7.3,3.42,97.8,90.5,7.5,1.9249999999999998,29.6,307.0,64.9,0.232,17.4,5.7,48.85,15.1,0.25,2.0,17.0,97.0,74.0,1.82,42.0,237.0,9.9,1.69
CASE-020,40,F,148.0,4.76,43.1,90.9,31.1,341.0,13.3,229,5.84,1.2,27.9,10.5,3.27,72.0,61.5,14.6,1.9249999999999998,26.9,280.0,64.9,0.232,17.4,12.8,48.85,15.1,0.25,2.0,2.0,79.0,104.0,2.24,45.3,237.0,9.9,1.1949999999999998
